date,portfolio,invested,daily_return
2022-04-08,100019.84126984127,False,0.0
2022-04-11,100039.68647644242,False,0.0001984126984126977
2022-04-12,100059.53562058457,False,0.0001984126984126977
2022-04-13,100079.38870304897,False,0.0001984126984126977
2022-04-14,100099.24572461704,False,0.0001984126984126977
2022-04-18,100119.10668607033,False,0.0001984126984126977
2022-04-19,100138.97158819059,False,0.0001984126984126977
2022-04-20,100158.84043175967,False,0.0001984126984126977
2022-04-21,100178.71321755962,False,0.0001984126984126977
2022-04-22,100198.58994637262,False,0.0001984126984126977
2022-04-25,100218.47061898102,False,0.0001984126984126977
2022-04-26,100238.35523616734,False,0.0001984126984126977
2022-04-27,100258.24379871419,False,0.0001984126984126977
2022-04-28,100278.1363074044,False,0.0001984126984126977
2022-04-29,100298.03276302095,False,0.0001984126984126977
2022-05-02,100317.93316634695,False,0.0001984126984126977
2022-05-03,100337.83751816567,False,0.0001984126984126977
2022-05-04,100357.74581926054,False,0.0001984126984126977
2022-05-05,100377.65807041516,False,0.0001984126984126977
2022-05-06,100397.57427241326,False,0.0001984126984126977
2022-05-09,100417.49442603874,False,0.0001984126984126977
2022-05-10,100437.41853207565,False,0.0001984126984126977
2022-05-11,100457.3465913082,False,0.0001984126984126977
2022-05-12,100477.27860452076,False,0.0001984126984126977
2022-05-13,100497.21457249785,False,0.0001984126984126977
2022-05-16,100517.15449602413,False,0.0001984126984126977
2022-05-17,100537.09837588445,False,0.0001984126984126977
2022-05-18,100557.04621286379,False,0.0001984126984126977
2022-05-19,100576.99800774729,False,0.0001984126984126977
2022-05-20,100596.95376132026,False,0.0001984126984126977
2022-05-23,100616.91347436814,False,0.0001984126984126977
2022-05-24,100636.87714767654,False,0.0001984126984126977
2022-05-25,100656.84478203124,False,0.0001984126984126977
2022-05-26,100676.81637821815,False,0.0001984126984126977
2022-05-27,100696.79193702336,False,0.0001984126984126977
2022-05-31,100716.77145923309,False,0.0001984126984126977
2022-06-01,100736.75494563373,False,0.0001984126984126977
2022-06-02,100756.74239701183,False,0.0001984126984126977
2022-06-03,100776.73381415408,False,0.0001984126984126977
2022-06-06,100796.72919784737,False,0.0001984126984126977
2022-06-07,100816.72854887869,False,0.0001984126984126977
2022-06-08,100836.7318680352,False,0.0001984126984126977
2022-06-09,100856.73915610426,False,0.0001984126984126977
2022-06-10,100876.75041387333,False,0.0001984126984126977
2022-06-13,100896.76564213005,False,0.0001984126984126977
2022-06-14,100916.78484166221,False,0.0001984126984126977
2022-06-15,100936.80801325779,False,0.0001984126984126977
2022-06-16,100956.83515770486,False,0.0001984126984126977
2022-06-17,100976.8662757917,False,0.0001984126984126977
2022-06-21,100996.90136830675,False,0.0001984126984126977
2022-06-22,101016.94043603855,False,0.0001984126984126977
2022-06-23,101036.98347977587,False,0.0001984126984126977
2022-06-24,101057.03050030756,False,0.0001984126984126977
2022-06-27,101077.0814984227,False,0.0001984126984126977
2022-06-28,101097.13647491048,False,0.0001984126984126977
2022-06-29,101117.19543056027,False,0.0001984126984126977
2022-06-30,101137.25836616158,False,0.0001984126984126977
2022-07-01,101157.32528250407,False,0.0001984126984126977
2022-07-05,101177.39618037757,False,0.0001984126984126977
2022-07-06,101197.47106057209,False,0.0001984126984126977
2022-07-07,101217.54992387776,False,0.0001984126984126977
2022-07-08,101237.63277108487,False,0.0001984126984126977
2022-07-11,101257.7196029839,False,0.0001984126984126977
2022-07-12,101277.81042036544,False,0.0001984126984126977
2022-07-13,101297.90522402027,False,0.0001984126984126977
2022-07-14,101318.00401473933,False,0.0001984126984126977
2022-07-15,101338.10679331368,False,0.0001984126984126977
2022-07-18,101358.21356053457,False,0.0001984126984126977
2022-07-19,101378.3243171934,False,0.0001984126984126977
2022-07-20,101398.43906408173,False,0.0001984126984126977
2022-07-21,101418.55780199126,False,0.0001984126984126977
2022-07-22,101438.68053171388,False,0.0001984126984126977
2022-07-25,101458.8072540416,False,0.0001984126984126977
2022-07-26,101478.93796976662,False,0.0001984126984126977
2022-07-27,101499.07267968125,False,0.0001984126984126977
2022-07-28,101519.21138457801,False,0.0001984126984126977
2022-07-29,101539.35408524955,False,0.0001984126984126977
2022-08-01,101559.50078248869,False,0.0001984126984126977
2022-08-02,101579.65147708838,False,0.0001984126984126977
2022-08-03,101599.80616984177,False,0.0001984126984126977
2022-08-04,101619.96486154213,False,0.0001984126984126977
2022-08-05,101640.12755298291,False,0.0001984126984126977
2022-08-08,101660.29424495771,False,0.0001984126984126977
2022-08-09,101680.46493826028,False,0.0001984126984126977
2022-08-10,101700.63963368454,False,0.0001984126984126977
2022-08-11,101720.81833202456,False,0.0001984126984126977
2022-08-12,101741.00103407456,False,0.0001984126984126977
2022-08-15,101761.18774062894,False,0.0001984126984126977
2022-08-16,101781.37845248224,False,0.0001984126984126977
2022-08-17,101801.57317042917,False,0.0001984126984126977
2022-08-18,101821.77189526457,False,0.0001984126984126977
2022-08-19,101841.97462778346,False,0.0001984126984126977
2022-08-22,101862.18136878104,False,0.0001984126984126977
2022-08-23,101882.39211905262,False,0.0001984126984126977
2022-08-24,101902.6068793937,False,0.0001984126984126977
2022-08-25,101922.82565059993,False,0.0001984126984126977
2022-08-26,101943.04843346712,False,0.0001984126984126977
2022-08-29,101963.27522879122,False,0.0001984126984126977
2022-08-30,101983.50603736835,False,0.0001984126984126977
2022-08-31,102003.74085999481,False,0.0001984126984126977
2022-09-01,102023.97969746703,False,0.0001984126984126977
2022-09-02,102044.2225505816,False,0.0001984126984126977
2022-09-06,102064.46942013528,False,0.0001984126984126977
2022-09-07,102084.720306925,False,0.0001984126984126977
2022-09-08,102104.97521174779,False,0.0001984126984126977
2022-09-09,102125.23413540091,False,0.0001984126984126977
2022-09-12,102145.49707868174,False,0.0001984126984126977
2022-09-13,102165.76404238783,False,0.0001984126984126977
2022-09-14,102186.03502731687,False,0.0001984126984126977
2022-09-15,102206.31003426673,False,0.0001984126984126977
2022-09-16,102226.58906403543,False,0.0001984126984126977
2022-09-19,102246.87211742115,False,0.0001984126984126977
2022-09-20,102267.15919522222,False,0.0001984126984126977
2022-09-21,102287.45029823715,False,0.0001984126984126977
2022-09-22,102307.74542726457,False,0.0001984126984126977
2022-09-23,102328.04458310331,False,0.0001984126984126977
2022-09-26,102348.34776655234,False,0.0001984126984126977
2022-09-27,102368.65497841078,False,0.0001984126984126977
2022-09-28,102388.96621947792,False,0.0001984126984126977
2022-09-29,102409.28149055321,False,0.0001984126984126977
2022-09-30,102429.60079243626,False,0.0001984126984126977
2022-10-03,102449.92412592683,False,0.0001984126984126977
2022-10-04,102470.25149182483,False,0.0001984126984126977
2022-10-05,102490.58289093035,False,0.0001984126984126977
2022-10-06,102510.91832404364,False,0.0001984126984126977
2022-10-07,102531.25779196508,False,0.0001984126984126977
2022-10-10,102551.60129549523,False,0.0001984126984126977
2022-10-11,102571.94883543481,False,0.0001984126984126977
2022-10-12,102592.30041258471,False,0.0001984126984126977
2022-10-13,102612.65602774594,False,0.0001984126984126977
2022-10-14,102633.0156817197,False,0.0001984126984126977
2022-10-17,102653.37937530734,False,0.0001984126984126977
2022-10-18,102673.74710931038,False,0.0001984126984126977
2022-10-19,102694.11888453049,False,0.0001984126984126977
2022-10-20,102714.49470176948,False,0.0001984126984126977
2022-10-21,102734.87456182936,False,0.0001984126984126977
2022-10-24,102755.25846551226,False,0.0001984126984126977
2022-10-25,102775.6464136205,False,0.0001984126984126977
2022-10-26,102796.03840695653,False,0.0001984126984126977
2022-10-27,102816.434446323,False,0.0001984126984126977
2022-10-28,102836.83453252265,False,0.0001984126984126977
2022-10-31,102857.23866635848,False,0.0001984126984126977
2022-11-01,102877.64684863355,False,0.0001984126984126977
2022-11-02,102898.05908015114,False,0.0001984126984126977
2022-11-03,102918.47536171466,False,0.0001984126984126977
2022-11-04,102938.8956941277,False,0.0001984126984126977
2022-11-07,102959.320078194,False,0.0001984126984126977
2022-11-08,102979.74851471744,False,0.0001984126984126977
2022-11-09,103000.18100450211,False,0.0001984126984126977
2022-11-10,103020.61754835221,False,0.0001984126984126977
2022-11-11,103041.05814707212,False,0.0001984126984126977
2022-11-14,103061.50280146638,False,0.0001984126984126977
2022-11-15,103081.95151233968,False,0.0001984126984126977
2022-11-16,103102.40428049689,False,0.0001984126984126977
2022-11-17,103122.86110674302,False,0.0001984126984126977
2022-11-18,103143.32199188325,False,0.0001984126984126977
2022-11-21,103163.7869367229,False,0.0001984126984126977
2022-11-22,103184.25594206748,False,0.0001984126984126977
2022-11-23,103204.72900872266,False,0.0001984126984126977
2022-11-25,103225.20613749423,False,0.0001984126984126977
2022-11-28,103245.68732918818,False,0.0001984126984126977
2022-11-29,103266.17258461064,False,0.0001984126984126977
2022-11-30,103286.66190456791,False,0.0001984126984126977
2022-12-01,103307.15528986644,False,0.0001984126984126977
2022-12-02,103327.65274131284,False,0.0001984126984126977
2022-12-05,103348.15425971389,False,0.0001984126984126977
2022-12-06,103368.65984587654,False,0.0001984126984126977
2022-12-07,103389.16950060787,False,0.0001984126984126977
2022-12-08,103409.68322471513,False,0.0001984126984126977
2022-12-09,103430.20101900575,False,0.0001984126984126977
2022-12-12,103450.7228842873,False,0.0001984126984126977
2022-12-13,103471.24882136751,False,0.0001984126984126977
2022-12-14,103491.77883105428,False,0.0001984126984126977
2022-12-15,103512.31291415569,False,0.0001984126984126977
2022-12-16,103532.85107147992,False,0.0001984126984126977
2022-12-19,103553.39330383537,False,0.0001984126984126977
2022-12-20,103573.93961203058,False,0.0001984126984126977
2022-12-21,103594.48999687424,False,0.0001984126984126977
2022-12-22,103615.0444591752,False,0.0001984126984126977
2022-12-23,103635.60299974249,False,0.0001984126984126977
2022-12-27,103656.1656193853,False,0.0001984126984126977
2022-12-28,103676.73231891295,False,0.0001984126984126977
2022-12-29,103697.30309913497,False,0.0001984126984126977
2022-12-30,103717.87796086099,False,0.0001984126984126977
2023-01-03,103738.45690490084,False,0.0001984126984126977
2023-01-04,103759.03993206451,False,0.0001984126984126977
2023-01-05,103779.62704316214,False,0.0001984126984126977
2023-01-06,103800.21823900404,False,0.0001984126984126977
2023-01-09,103820.81352040067,False,0.0001984126984126977
2023-01-10,103841.41288816265,False,0.0001984126984126977
2023-01-11,103862.01634310078,False,0.0001984126984126977
2023-01-12,103882.623886026,False,0.0001984126984126977
2023-01-13,103903.23551774942,False,0.0001984126984126977
2023-01-17,103923.8512390823,False,0.0001984126984126977
2023-01-18,103944.47105083609,False,0.0001984126984126977
2023-01-19,103965.09495382236,False,0.0001984126984126977
2023-01-20,103985.72294885288,False,0.0001984126984126977
2023-01-23,104006.35503673957,False,0.0001984126984126977
2023-01-24,104026.99121829447,False,0.0001984126984126977
2023-01-25,104047.63149432985,False,0.0001984126984126977
2023-01-26,104068.27586565808,False,0.0001984126984126977
2023-01-27,104088.92433309175,False,0.0001984126984126977
2023-01-30,104109.57689744356,False,0.0001984126984126977
2023-01-31,104130.23355952639,False,0.0001984126984126977
2023-02-01,104150.89432015328,False,0.0001984126984126977
2023-02-02,104171.55918013744,False,0.0001984126984126977
2023-02-03,104192.22814029222,False,0.0001984126984126977
2023-02-06,104212.90120143117,False,0.0001984126984126977
2023-02-07,104233.57836436796,False,0.0001984126984126977
2023-02-08,104254.25962991644,False,0.0001984126984126977
2023-02-09,104274.94499889063,False,0.0001984126984126977
2023-02-10,104295.63447210469,False,0.0001984126984126977
2023-02-13,104316.32805037296,False,0.0001984126984126977
2023-02-14,104337.02573450994,False,0.0001984126984126977
2023-02-15,104357.72752533028,False,0.0001984126984126977
2023-02-16,104378.43342364879,False,0.0001984126984126977
2023-02-17,104399.14343028047,False,0.0001984126984126977
2023-02-21,104419.85754604044,False,0.0001984126984126977
2023-02-22,104440.57577174401,False,0.0001984126984126977
2023-02-23,104461.29810820665,False,0.0001984126984126977
2023-02-24,104482.024556244,False,0.0001984126984126977
2023-02-27,104502.75511667182,False,0.0001984126984126977
2023-02-28,104523.48979030608,False,0.0001984126984126977
2023-03-01,104544.22857796289,False,0.0001984126984126977
2023-03-02,104564.97148045851,False,0.0001984126984126977
2023-03-03,104585.71849860939,False,0.0001984126984126977
2023-03-06,104606.46963323213,False,0.0001984126984126977
2023-03-07,104627.22488514349,False,0.0001984126984126977
2023-03-08,104647.98425516038,False,0.0001984126984126977
2023-03-09,104668.74774409989,False,0.0001984126984126977
2023-03-10,104689.51535277927,False,0.0001984126984126977
2023-03-13,104710.28708201593,False,0.0001984126984126977
2023-03-14,104731.06293262744,False,0.0001984126984126977
2023-03-15,104751.84290543153,False,0.0001984126984126977
2023-03-16,104772.6270012461,False,0.0001984126984126977
2023-03-17,104793.4152208892,False,0.0001984126984126977
2023-03-20,104814.20756517907,False,0.0001984126984126977
2023-03-21,104835.00403493406,False,0.0001984126984126977
2023-03-22,104855.80463097274,False,0.0001984126984126977
2023-03-23,104876.6093541138,False,0.0001984126984126977
2023-03-24,104897.41820517612,False,0.0001984126984126977
2023-03-27,104918.23118497874,False,0.0001984126984126977
2023-03-28,104939.04829434084,False,0.0001984126984126977
2023-03-29,104959.86953408178,False,0.0001984126984126977
2023-03-30,104980.69490502108,False,0.0001984126984126977
2023-03-31,105001.52440797843,False,0.0001984126984126977
2023-04-03,105022.35804377367,False,0.0001984126984126977
2023-04-04,105043.19581322679,False,0.0001984126984126977
2023-04-05,105064.03771715799,False,0.0001984126984126977
2023-04-06,105084.88375638759,False,0.0001984126984126977
2023-04-10,105105.73393173607,False,0.0001984126984126977
2023-04-11,105126.58824402411,False,0.0001984126984126977
2023-04-12,105147.44669407253,False,0.0001984126984126977
2023-04-13,105168.3092827023,False,0.0001984126984126977
2023-04-14,105189.17601073459,False,0.0001984126984126977
2023-04-17,105210.04687899069,False,0.0001984126984126977
2023-04-18,105230.92188829207,False,0.0001984126984126977
2023-04-19,104408.18126322643,True,-0.007818430270325027
2023-04-20,100465.36930966938,True,-0.037763438706174934
2023-04-21,100882.78040282495,True,0.004154775879726014
2023-04-24,99875.99083157552,True,-0.009979796028909194
2023-04-25,98195.64940103688,True,-0.0168242779525688
2023-04-26,99213.20166736582,True,0.01036249846643611
2023-04-27,99133.65393960038,False,-0.0008017857142856855
2023-04-28,99153.32331538205,False,0.0001984126984126977
2023-05-01,99172.99659381763,False,0.0001984126984126977
2023-05-02,99192.67377568148,False,0.0001984126984126977
2023-05-03,99212.35486174808,False,0.0001984126984126977
2023-05-04,99232.03985279208,False,0.0001984126984126977
2023-05-05,99251.72874958826,False,0.0001984126984126977
2023-05-08,99271.42155291159,False,0.0001984126984126977
2023-05-09,99291.11826353717,False,0.0001984126984126977
2023-05-10,99310.81888224024,False,0.0001984126984126977
2023-05-11,99330.52340979624,False,0.0001984126984126977
2023-05-12,99350.23184698072,False,0.0001984126984126977
2023-05-15,99369.94419456941,False,0.0001984126984126977
2023-05-16,99389.66045333818,False,0.0001984126984126977
2023-05-17,99409.38062406305,False,0.0001984126984126977
2023-05-18,99429.10470752021,False,0.0001984126984126977
2023-05-19,99448.83270448599,False,0.0001984126984126977
2023-05-22,99468.56461573688,False,0.0001984126984126977
2023-05-23,99488.30044204953,False,0.0001984126984126977
2023-05-24,99508.04018420073,False,0.0001984126984126977
2023-05-25,99527.78384296743,False,0.0001984126984126977
2023-05-26,99547.53141912675,False,0.0001984126984126977
2023-05-30,99567.28291345594,False,0.0001984126984126977
2023-05-31,99587.03832673242,False,0.0001984126984126977
2023-06-01,99606.79765973375,False,0.0001984126984126977
2023-06-02,99626.56091323767,False,0.0001984126984126977
2023-06-05,100105.37676145989,True,0.00480610636192913
2023-06-06,100505.40273254497,True,0.003996048804034702
2023-06-07,99780.74433424932,True,-0.0072101437195774
2023-06-08,101727.73039648382,True,0.019512643198094537
2023-06-09,103363.23172477003,True,0.016077241887849425
2023-06-12,105004.39074840143,True,0.015877590089301785
2023-06-13,106761.29227518715,True,0.016731695829704796
2023-06-14,106882.59304609356,True,0.0011361867988048946
2023-06-15,108386.50317504053,True,0.014070674055394639
2023-06-16,108294.51715442975,True,-0.0008486851952611563
2023-06-20,109606.2673798537,True,0.012112803675493389
2023-06-21,106871.99223279572,True,-0.024946339405775286
2023-06-22,108424.1679172527,True,0.01452368999612097
2023-06-23,106519.81640464877,True,-0.017563902487656602
2023-06-26,103450.8676789852,True,-0.02881105909913706
2023-06-27,105808.40457739012,True,0.022788952391588513
2023-06-28,106839.85350526529,True,0.009748270300406592
2023-06-29,107051.26249435279,True,0.0019787465271756677
2023-06-30,108667.08002529095,True,0.015093867118320059
2023-07-03,110961.4709445718,True,0.02111394654891674
2023-07-05,111290.96889842451,True,0.0029694807670430645
2023-07-06,110608.13175857111,True,-0.006135602435779264
2023-07-07,109761.42709525969,True,-0.007654994708341745
2023-07-10,108550.24819182257,True,-0.011034649744358416
2023-07-11,108855.80995903953,True,0.0028149338422238657
2023-07-12,109979.88626750116,True,0.010326286753868263
2023-07-13,111699.06269138386,True,0.015631734876513592
2023-07-14,112460.21172442206,True,0.006814283080791794
2023-07-17,113859.30137731708,True,0.012440752435389557
2023-07-18,116150.19955037348,True,0.02012043061343416
2023-07-19,115429.01570149785,True,-0.006209062504131668
2023-07-20,110404.40678503622,True,-0.043529860199582604
2023-07-21,109634.25879674319,True,-0.006975699709093619
2023-07-24,111233.02389885567,True,0.014582714560751553
2023-07-25,111477.36650516711,True,0.002196673233783697
2023-07-26,109826.44174531783,True,-0.014809506284603091
2023-07-27,107555.75639915325,True,-0.02067521545886175
2023-07-28,110308.38178980086,True,0.025592543651799193
2023-07-31,110220.36978150027,True,-0.0007978723545079003
2023-08-01,110131.99666358618,False,-0.0008017857142856855
2023-08-02,110153.84825022578,False,0.0001984126984126977
2023-08-03,110175.70417249766,False,0.0001984126984126977
2023-08-04,110197.56443126204,False,0.0001984126984126977
2023-08-07,110219.42902737936,False,0.0001984126984126977
2023-08-08,110241.2979617102,False,0.0001984126984126977
2023-08-09,110263.1712351153,False,0.0001984126984126977
2023-08-10,110285.0488484556,False,0.0001984126984126977
2023-08-11,109506.43158493719,True,-0.007060043692670548
2023-08-14,109616.42123714823,True,0.0010044127145694137
2023-08-15,107911.19757669064,True,-0.015556279261922268
2023-08-16,106419.94553436026,True,-0.013819252087074352
2023-08-17,104729.97730829114,True,-0.015880183151601668
2023-08-18,104089.86179250246,True,-0.00611205628264766
2023-08-21,107533.58114508324,True,0.03308409957778258
2023-08-22,107820.12500727543,True,0.002664691895693405
2023-08-23,109305.09262616889,True,0.013772638631176282
2023-08-24,106931.04427017056,True,-0.021719467034511775
2023-08-25,108873.51823662035,True,0.018165669097385484
2023-08-28,109201.97744627665,True,0.0030168879905436707
2023-08-29,113106.54706102973,True,0.035755484525671566
2023-08-30,113015.85984740402,False,-0.0008017857142856855
2023-08-31,113038.28362911977,False,0.0001984126984126977
2023-09-01,113060.71185999857,False,0.0001984126984126977
2023-09-05,113083.14454092317,False,0.0001984126984126977
2023-09-06,113105.58167277652,False,0.0001984126984126977
2023-09-07,113128.02325644175,False,0.0001984126984126977
2023-09-08,113150.46929280215,False,0.0001984126984126977
2023-09-11,113172.9197827412,False,0.0001984126984126977
2023-09-12,113195.37472714254,False,0.0001984126984126977
2023-09-13,113217.83412688998,False,0.0001984126984126977
2023-09-14,113240.29798286755,False,0.0001984126984126977
2023-09-15,113262.76629595939,False,0.0001984126984126977
2023-09-18,113285.23906704986,False,0.0001984126984126977
2023-09-19,113307.71629702348,False,0.0001984126984126977
2023-09-20,113330.19798676495,False,0.0001984126984126977
2023-09-21,113352.68413715914,False,0.0001984126984126977
2023-09-22,113375.17474909112,False,0.0001984126984126977
2023-09-25,113804.14907302815,True,0.003783670674699202
2023-09-26,112155.70066978263,True,-0.014484958735447417
2023-09-27,111687.15316893494,True,-0.004177652121555742
2023-09-28,112919.47996944535,True,0.011033738129634596
2023-09-29,113713.53313031833,True,0.007032029912711568
2023-10-02,114704.60686990731,True,0.008715530265453797
2023-10-03,112374.0655940364,True,-0.02031776525344009
2023-10-04,115613.35798936644,True,0.028825978469376956
2023-10-05,115485.65917320724,True,-0.0011045334066929202
2023-10-06,115393.06442147729,False,-0.0008017857142857965
2023-10-09,115415.95987076727,False,0.0001984126984126977
2023-10-10,115438.85986280513,False,0.0001984126984126977
2023-10-11,115461.76439849219,False,0.0001984126984126977
2023-10-12,115484.67347872998,False,0.0001984126984126977
2023-10-13,115507.5871044202,False,0.0001984126984126977
2023-10-16,115530.50527646474,False,0.0001984126984126977
2023-10-17,115553.42799576563,False,0.0001984126984126977
2023-10-18,115576.35526322511,False,0.0001984126984126977
2023-10-19,115599.28707974558,False,0.0001984126984126977
2023-10-20,115622.22344622966,False,0.0001984126984126977
2023-10-23,115645.1643635801,False,0.0001984126984126977
2023-10-24,115668.10983269986,False,0.0001984126984126977
2023-10-25,115691.05985449206,False,0.0001984126984126977
2023-10-26,115714.01442986002,False,0.0001984126984126977
2023-10-27,115736.97355970721,False,0.0001984126984126977
2023-10-30,115759.93724493732,False,0.0001984126984126977
2023-10-31,115782.90548645417,False,0.0001984126984126977
2023-11-01,115805.8782851618,False,0.0001984126984126977
2023-11-02,115828.85564196442,False,0.0001984126984126977
2023-11-03,115851.8375577664,False,0.0001984126984126977
2023-11-06,115874.82403347231,False,0.0001984126984126977
2023-11-07,115897.81506998689,False,0.0001984126984126977
2023-11-08,115920.81066821505,False,0.0001984126984126977
2023-11-09,115943.81082906193,False,0.0001984126984126977
2023-11-10,115966.81555343277,False,0.0001984126984126977
2023-11-13,115989.82484223305,False,0.0001984126984126977
2023-11-14,116012.83869636842,False,0.0001984126984126977
2023-11-15,116035.85711674468,False,0.0001984126984126977
2023-11-16,116058.88010426784,False,0.0001984126984126977
2023-11-17,116081.90765984409,False,0.0001984126984126977
2023-11-20,116104.93978437978,False,0.0001984126984126977
2023-11-21,116127.97647878143,False,0.0001984126984126977
2023-11-22,116151.0177439558,False,0.0001984126984126977
2023-11-24,116218.5046093214,True,0.0005810268965045218
2023-11-27,116394.29500413509,True,0.0015125852410906582
2023-11-28,118671.93302161573,True,0.019568296001103214
2023-11-29,117791.10997734929,True,-0.007422336704551613
2023-11-30,117268.01200788576,True,-0.0044408951538373875
2023-12-01,116771.35941600503,True,-0.0042351923885887155
2023-12-04,115440.6253781367,True,-0.011396065306797598
2023-12-05,116341.73504992622,True,0.007805828050895025
2023-12-06,115889.01910566897,True,-0.003891260037191202
2023-12-07,116935.65609582081,True,0.009031373276164434
2023-12-08,117656.93944408873,True,0.006168207135015091
2023-12-11,116784.26389769933,True,-0.007417119215514689
2023-12-12,116840.90140065529,True,0.0004849754672904272
2023-12-13,117700.20606438996,True,0.007354485059885452
2023-12-14,118819.66468784252,True,0.009511101644462228
2023-12-15,119722.4217908333,True,0.007597707882465832
2023-12-18,119918.58749047935,True,0.0016385042727316002
2023-12-19,121038.95895865394,True,0.009342767385944528
2023-12-20,118615.2219754734,True,-0.02002443679318555
2023-12-21,120491.15868975614,True,0.01581531175375317
2023-12-22,120368.55669102947,True,-0.0010175186300792616
2023-12-26,121189.39032693898,True,0.0068193360332173825
2023-12-27,121962.167760996,True,0.006376609635317498
2023-12-28,120806.2900338482,True,-0.009477346527760333
2023-12-29,120027.42749786703,True,-0.006447201844895223
2024-01-02,119219.52345081435,True,-0.00673099527245169
2024-01-03,117269.43801242285,True,-0.016357098082144472
2024-01-04,116764.86936081844,True,-0.004302644066145889
2024-01-05,116716.80941056854,True,-0.00041159597499640377
2024-01-08,118505.68357054182,True,0.015326619781737216
2024-01-09,117656.90447415135,True,-0.007162349271503277
2024-01-10,118473.29455214714,True,0.006938734973901628
2024-01-11,117507.3972405676,True,-0.008152869515706707
2024-01-12,116489.74413194375,True,-0.008660332306913876
2024-01-16,116743.8287678,True,0.002181176014675268
2024-01-17,115676.12469794792,True,-0.009145700300576265
2024-01-18,115784.34586888358,True,0.000935553219977292
2024-01-19,116781.98667516717,True,0.008616370363341952
2024-01-22,115989.9079969559,True,-0.006782541561092481
2024-01-23,116408.26344194336,True,0.0036068262507669147
2024-01-24,116585.22907685286,True,0.0015202154011837443
2024-01-25,112200.09329040731,True,-0.037613133509004526
2024-01-26,112193.07608887216,True,-6.25418511640552e-05
2024-01-29,114641.95438069146,True,0.021827356706749512
2024-01-30,114635.91978763811,True,-5.26386093637754e-05
2024-01-31,112083.86483799465,True,-0.022262262599463734
2024-02-01,113473.11528929861,True,0.01239474078906877
2024-02-02,114391.58126179439,True,0.008094128465180095
2024-02-05,112285.15219207146,True,-0.018414196626080348
2024-02-06,113219.22477607278,True,0.008318754223207714
2024-02-07,114883.3589243491,True,0.01469833547763355
2024-02-08,115317.56158786883,True,0.0037795087781655745
2024-02-09,116997.04480500336,True,0.014563984825978205
2024-02-12,115327.5297352851,True,-0.014269719995926411
2024-02-13,115235.0617694795,False,-0.0008017857142856855
2024-02-14,115257.92586903693,False,0.0001984126984126977
2024-02-15,115280.79450512206,False,0.0001984126984126977
2024-02-16,115303.66767863499,False,0.0001984126984126977
2024-02-20,115326.54539047598,False,0.0001984126984126977
2024-02-21,115349.42764154551,False,0.0001984126984126977
2024-02-22,115372.31443274423,False,0.0001984126984126977
2024-02-23,115395.20576497295,False,0.0001984126984126977
2024-02-26,115418.10163913267,False,0.0001984126984126977
2024-02-27,115441.00205612456,False,0.0001984126984126977
2024-02-28,115463.90701684999,False,0.0001984126984126977
2024-02-29,115486.81652221047,False,0.0001984126984126977
2024-03-01,115509.73057310774,False,0.0001984126984126977
2024-03-04,115532.64917044366,False,0.0001984126984126977
2024-03-05,115555.57231512034,False,0.0001984126984126977
2024-03-06,115578.50000804,False,0.0001984126984126977
2024-03-07,115601.43225010509,False,0.0001984126984126977
2024-03-08,115624.36904221821,False,0.0001984126984126977
2024-03-11,115647.31038528214,False,0.0001984126984126977
2024-03-12,115670.25628019986,False,0.0001984126984126977
2024-03-13,113695.56210813216,True,-0.017071754101453673
2024-03-14,113039.79840560259,True,-0.005767715910546256
2024-03-15,112214.23329384607,True,-0.007303313730216199
2024-03-18,114890.79914104575,True,0.023852284764899423
2024-03-19,114930.20677456929,True,0.0003430007782883049
2024-03-20,116615.25510913762,True,0.014661492238271956
2024-03-21,116499.25997861053,True,-0.000994682303087524
2024-03-22,115914.75267402474,True,-0.005017261952505958
2024-03-25,115658.93131137411,True,-0.00220697846261253
2024-03-26,116625.84726811195,True,0.008360063038579613
2024-03-27,117377.26799393595,True,0.006443003360109056
2024-03-28,116400.50369706162,True,-0.008321579753626462
2024-04-01,116598.51496021225,True,0.0017011203290491217
2024-04-02,114119.47380253978,True,-0.0212613441819427
2024-04-03,114027.9744387231,False,-0.0008017857142856855
2024-04-04,113878.33624804467,True,-0.0013122936842033806
2024-04-05,113787.03022487435,False,-0.0008017857142857965
2024-04-08,113809.60701658564,False,0.0001984126984126977
2024-04-09,113832.18828781908,False,0.0001984126984126977
2024-04-10,113854.77403946349,False,0.0001984126984126977
2024-04-11,113877.36427240782,False,0.0001984126984126977
2024-04-12,113899.95898754123,False,0.0001984126984126977
2024-04-15,113922.55818575305,False,0.0001984126984126977
2024-04-16,112791.74964400241,True,-0.009926116124489015
2024-04-17,111917.35336473025,True,-0.0077523070794801585
2024-04-18,109748.5563875071,True,-0.01937855848105352
2024-04-19,108239.01963447453,True,-0.013754502133974222
2024-04-22,107461.74977133119,True,-0.007181050473001327
2024-04-23,107375.5884755324,False,-0.0008017857142856855
2024-04-24,107396.89315578548,False,0.0001984126984126977
2024-04-25,107418.20206315766,False,0.0001984126984126977
2024-04-26,107439.51519848766,False,0.0001984126984126977
2024-04-29,107460.83256261435,False,0.0001984126984126977
2024-04-30,107482.15415637677,False,0.0001984126984126977
2024-05-01,107503.47998061414,False,0.0001984126984126977
2024-05-02,107524.81003616584,False,0.0001984126984126977
2024-05-03,107546.14432387143,False,0.0001984126984126977
2024-05-06,107567.48284457061,False,0.0001984126984126977
2024-05-07,107588.82559910326,False,0.0001984126984126977
2024-05-08,107610.17258830943,False,0.0001984126984126977
2024-05-09,107631.52381302933,False,0.0001984126984126977
2024-05-10,107652.87927410334,False,0.0001984126984126977
2024-05-13,108197.26623585551,True,0.005056873215309565
2024-05-14,109827.69814546822,True,0.015069067512838874
2024-05-15,110177.5099803535,True,0.0031850966631563615
2024-05-16,110096.1502521943,True,-0.0007384422480931629
2024-05-17,110631.06012669165,True,0.004858570197704859
2024-05-20,110625.97303481807,True,-4.598249232856677e-05
2024-05-21,113565.28733923177,True,0.026569839105402338
2024-05-22,112264.95564473815,True,-0.011450080609661906
2024-05-23,110336.1276498157,True,-0.017181033777149635
2024-05-24,112038.781219702,True,0.01543151464668191
2024-05-28,111546.87740567805,True,-0.00439047808864812
2024-05-29,111086.77986646164,True,-0.0041247012011201845
2024-05-30,110064.59517278866,True,-0.009201677237397288
2024-05-31,110257.11905022926,True,0.0017491898928838623
2024-06-03,109750.99661829596,True,-0.004590383245028584
2024-06-04,109710.62714597334,True,-0.0003678278427212689
2024-06-05,110906.15618328186,True,0.010897112416628829
2024-06-06,111588.7139559939,True,0.00615437227473703
2024-06-07,111386.31366100721,True,-0.001813806144109753
2024-06-10,111082.80188899094,True,-0.0027248569598952166
2024-06-11,110933.76802312852,True,-0.001341646621511705
2024-06-12,113451.81094135203,True,0.022698615246698584
2024-06-13,114697.31814731388,True,0.01097829285956231
2024-06-14,113856.2750546874,True,-0.007332718028736029
2024-06-17,116721.17647284917,True,0.025162437615192434
2024-06-18,116069.93196650632,True,-0.005579488881302774
2024-06-20,115212.34422509925,True,-0.007388543500262745
2024-06-21,115860.64029321281,True,0.005626967079559897
2024-06-24,115459.00430398414,True,-0.0034665438427773365
2024-06-25,116925.44258204043,True,0.01270094339455241
2024-06-26,119000.35144273285,True,0.01774557200616589
2024-06-27,119338.62656085276,True,0.002842639656259305
2024-06-28,118729.85546731541,True,-0.005101207472225422
2024-07-01,122194.04526733475,True,0.029177074177210383
2024-07-02,126930.3269189915,True,0.03876033108892307
2024-07-03,130076.72836288268,True,0.02478841361449624
2024-07-05,131917.40655406401,True,0.014150711002250072
2024-07-08,131811.63706202334,False,-0.0008017857142857965
2024-07-09,131837.790164615,False,0.0001984126984126977
2024-07-10,131863.94845631433,False,0.0001984126984126977
2024-07-11,131890.1119381509,False,0.0001984126984126977
2024-07-12,131916.28061115448,False,0.0001984126984126977
2024-07-15,131942.4544763551,False,0.0001984126984126977
2024-07-16,131968.63353478294,False,0.0001984126984126977
2024-07-17,131994.8177874684,False,0.0001984126984126977
2024-07-18,131354.54193577674,True,-0.004850765071115148
2024-07-19,131249.2237405461,False,-0.0008017857142856855
2024-07-22,131275.26525319304,False,0.0001984126984126977
2024-07-23,131301.31193280677,False,0.0001984126984126977
2024-07-24,131327.36378041247,False,0.0001984126984126977
2024-07-25,131353.42079703556,False,0.0001984126984126977
2024-07-26,131379.48298370163,False,0.0001984126984126977
2024-07-29,131405.5503414365,False,0.0001984126984126977
2024-07-30,131431.62287126615,False,0.0001984126984126977
2024-07-31,131457.7005742168,False,0.0001984126984126977
2024-08-01,131483.78345131487,False,0.0001984126984126977
2024-08-02,131509.87150358697,False,0.0001984126984126977
2024-08-05,131535.9647320599,False,0.0001984126984126977
2024-08-06,131562.0631377607,False,0.0001984126984126977
2024-08-07,131588.1667217166,False,0.0001984126984126977
2024-08-08,131614.27548495505,False,0.0001984126984126977
2024-08-09,131640.38942850367,False,0.0001984126984126977
2024-08-12,131666.50855339027,False,0.0001984126984126977
2024-08-13,131692.63286064295,False,0.0001984126984126977
2024-08-14,131718.7623512899,False,0.0001984126984126977
2024-08-15,131744.8970263596,False,0.0001984126984126977
2024-08-16,131771.0368868807,False,0.0001984126984126977
2024-08-19,131797.18193388206,False,0.0001984126984126977
2024-08-20,131823.33216839275,False,0.0001984126984126977
2024-08-21,131849.48759144204,False,0.0001984126984126977
2024-08-22,131875.6482040594,False,0.0001984126984126977
2024-08-23,131901.8140072745,False,0.0001984126984126977
2024-08-26,131927.9850021172,False,0.0001984126984126977
2024-08-27,131954.16118961762,False,0.0001984126984126977
2024-08-28,131980.34257080604,False,0.0001984126984126977
2024-08-29,132006.52914671294,False,0.0001984126984126977
2024-08-30,132032.72091836904,False,0.0001984126984126977
2024-09-03,132058.91788680523,False,0.0001984126984126977
2024-09-04,132085.1200530526,False,0.0001984126984126977
2024-09-05,132111.3274181425,False,0.0001984126984126977
2024-09-06,132137.5399831064,False,0.0001984126984126977
2024-09-09,132163.75774897606,False,0.0001984126984126977
2024-09-10,132189.9807167834,False,0.0001984126984126977
2024-09-11,132216.20888756056,False,0.0001984126984126977
2024-09-12,132242.44226233984,False,0.0001984126984126977
2024-09-13,132268.6808421538,False,0.0001984126984126977
2024-09-16,132294.92462803517,False,0.0001984126984126977
2024-09-17,132321.1736210169,False,0.0001984126984126977
2024-09-18,132347.4278221322,False,0.0001984126984126977
2024-09-19,132373.68723241435,False,0.0001984126984126977
2024-09-20,132399.95185289698,False,0.0001984126984126977
2024-09-23,132426.22168461382,False,0.0001984126984126977
2024-09-24,132452.49672859887,False,0.0001984126984126977
2024-09-25,132478.77698588627,False,0.0001984126984126977
2024-09-26,132505.06245751044,False,0.0001984126984126977
2024-09-27,132531.353144506,False,0.0001984126984126977
2024-09-30,132557.64904790767,False,0.0001984126984126977
2024-10-01,130377.58505365581,True,-0.01644615765223756
2024-10-02,128444.15973183348,True,-0.0148294303888713
2024-10-03,126839.61555096539,True,-0.012492153665982664
2024-10-04,128819.54440909567,True,0.015609704030794092
2024-10-07,126118.45898368125,True,-0.020967978405796228
2024-10-08,127704.56885760708,True,0.012576349938838494
2024-10-09,127660.201111012,True,-0.0003474248963211135
2024-10-10,127002.81799094,True,-0.005149475829983485
2024-10-11,123481.52833944901,True,-0.027726074957976077
2024-10-14,124347.0912526722,True,0.007009655005595361
2024-10-15,124096.932929032,True,-0.0020117746311562046
2024-10-16,124313.84477827205,True,0.0017479227255687846
2024-10-17,124297.86981441728,True,-0.00012850510643647173
2024-10-18,124559.04490580688,True,0.0021012032770919564
2024-10-21,124209.74728835329,True,-0.002804273408789637
2024-10-22,124959.8521186124,True,0.006039017441342498
2024-10-23,123469.01122921676,True,-0.011930559008508812
2024-10-24,132781.60853162297,True,0.07542457179897255
2024-10-25,134668.6738131575,True,0.01421179711861309
2024-10-28,133475.49167891179,True,-0.008860131316813735
2024-10-29,133630.28519376658,True,0.001159714887787544
2024-10-30,133230.0315955119,True,-0.0029952311908511
2024-10-31,128172.12265440178,True,-0.037963729952913194
2024-11-01,128640.62518511752,True,0.0036552607619597666
2024-11-04,127260.4454886998,True,-0.01072895669180407
2024-11-05,129591.11781986293,True,0.018314192773826843
2024-11-06,129487.21351289666,False,-0.0008017857142856855
2024-11-07,129512.9054203397,False,0.0001984126984126977
2024-11-08,129538.60242538342,False,0.0001984126984126977
2024-11-11,129564.30452903925,False,0.0001984126984126977
2024-11-12,129590.01173231882,False,0.0001984126984126977
2024-11-13,129615.72403623397,False,0.0001984126984126977
2024-11-14,129641.4414417967,False,0.0001984126984126977
2024-11-15,129667.16395001928,False,0.0001984126984126977
2024-11-18,129692.89156191413,False,0.0001984126984126977
2024-11-19,129718.62427849388,False,0.0001984126984126977
2024-11-20,129744.36210077137,False,0.0001984126984126977
2024-11-21,129770.10502975961,False,0.0001984126984126977
2024-11-22,129795.85306647186,False,0.0001984126984126977
2024-11-25,129821.60621192155,False,0.0001984126984126977
2024-11-26,129847.36446712233,False,0.0001984126984126977
2024-11-27,129873.12783308803,False,0.0001984126984126977
2024-11-29,131663.62609787888,True,0.01378651838655931
2024-12-02,134132.5396275544,True,0.018751675028607417
2024-12-03,133450.2544868586,True,-0.005086648941340255
2024-12-04,135236.7288285323,True,0.01338681854555479
2024-12-05,137242.2606845619,True,0.014829786799800626
2024-12-06,139922.8928401399,True,0.019532118912986896
2024-12-09,140059.66017658738,True,0.000977447890558869
2024-12-10,140995.0101792236,True,0.006678225560857065
2024-12-11,140881.96239427634,False,-0.0008017857142856855
2024-12-12,139838.1087023174,True,-0.007409420441188752
2024-12-13,141637.1167597411,True,0.012864934130748074
2024-12-16,145276.1680593997,True,0.02569278013355447
2024-12-17,147233.89540472493,True,0.01347590159815315
2024-12-18,147115.8453707308,False,-0.0008017857142856855
2024-12-19,147145.03502259008,False,0.0001984126984126977
2024-12-20,147174.23046604695,False,0.0001984126984126977
2024-12-23,147203.43170225053,False,0.0001984126984126977
2024-12-24,147232.63873235017,False,0.0001984126984126977
2024-12-26,147261.85155749548,False,0.0001984126984126977
2024-12-27,147291.07017883626,False,0.0001984126984126977
2024-12-30,147320.29459752253,False,0.0001984126984126977
2024-12-31,147349.52481470458,False,0.0001984126984126977
2025-01-02,147378.76083153288,False,0.0001984126984126977
2025-01-03,147408.00264915818,False,0.0001984126984126977
2025-01-06,147437.25026873144,False,0.0001984126984126977
2025-01-07,147466.5036914038,False,0.0001984126984126977
2025-01-08,147495.7629183267,False,0.0001984126984126977
2025-01-10,147525.02795065177,False,0.0001984126984126977
2025-01-13,147554.29878953088,False,0.0001984126984126977
2025-01-14,147583.5754361161,False,0.0001984126984126977
2025-01-15,147612.85789155978,False,0.0001984126984126977
2025-01-16,147642.14615701445,False,0.0001984126984126977
2025-01-17,147671.4402336329,False,0.0001984126984126977
2025-01-21,147700.74012256812,False,0.0001984126984126977
2025-01-22,147730.0458249734,False,0.0001984126984126977
2025-01-23,147759.3573420022,False,0.0001984126984126977
2025-01-24,147788.67467480814,False,0.0001984126984126977
2025-01-27,147817.9978245452,False,0.0001984126984126977
2025-01-28,147847.32679236753,False,0.0001984126984126977
2025-01-29,147876.66157942952,False,0.0001984126984126977
2025-01-30,147906.00218688574,False,0.0001984126984126977
2025-01-31,147935.34861589107,False,0.0001984126984126977
2025-02-03,147964.70086760056,False,0.0001984126984126977
2025-02-04,147994.05894316954,False,0.0001984126984126977
2025-02-05,148023.4228437535,False,0.0001984126984126977
2025-02-06,148052.79257050823,False,0.0001984126984126977
2025-02-07,148082.1681245897,False,0.0001984126984126977
2025-02-10,148111.5495071541,False,0.0001984126984126977
2025-02-11,148140.93671935788,False,0.0001984126984126977
2025-02-12,148170.32976235775,False,0.0001984126984126977
2025-02-13,148199.7286373106,False,0.0001984126984126977
2025-02-14,148229.13334537356,False,0.0001984126984126977
2025-02-18,148258.543887704,False,0.0001984126984126977
2025-02-19,148287.9602654595,False,0.0001984126984126977
2025-02-20,148317.38247979787,False,0.0001984126984126977
2025-02-21,148346.81053187718,False,0.0001984126984126977
2025-02-24,148376.24442285573,False,0.0001984126984126977
2025-02-25,148405.684153892,False,0.0001984126984126977
2025-02-26,148435.12972614478,False,0.0001984126984126977
2025-02-27,148464.581140773,False,0.0001984126984126977
2025-02-28,148494.03839893584,False,0.0001984126984126977
2025-03-03,148523.50150179278,False,0.0001984126984126977
2025-03-04,148552.97045050346,False,0.0001984126984126977
2025-03-05,148582.44524622775,False,0.0001984126984126977
2025-03-06,148611.92589012583,False,0.0001984126984126977
2025-03-07,148641.412383358,False,0.0001984126984126977
2025-03-10,148670.90472708485,False,0.0001984126984126977
2025-03-11,148700.4029224672,False,0.0001984126984126977
2025-03-12,148729.9069706661,False,0.0001984126984126977
2025-03-13,148759.41687284282,False,0.0001984126984126977
2025-03-14,148788.93263015887,False,0.0001984126984126977
2025-03-17,148818.45424377598,False,0.0001984126984126977
2025-03-18,148847.98171485608,False,0.0001984126984126977
2025-03-19,148877.5150445614,False,0.0001984126984126977
2025-03-20,148907.05423405438,False,0.0001984126984126977
2025-03-21,148936.59928449764,False,0.0001984126984126977
2025-03-24,148966.15019705408,False,0.0001984126984126977
2025-03-25,148995.70697288684,False,0.0001984126984126977
2025-03-26,149025.26961315924,False,0.0001984126984126977
2025-03-27,149054.83811903486,False,0.0001984126984126977
2025-03-28,149084.41249167753,False,0.0001984126984126977
2025-03-31,149113.99273225127,False,0.0001984126984126977
2025-04-01,149143.57884192036,False,0.0001984126984126977
2025-04-02,149173.17082184931,False,0.0001984126984126977
2025-04-03,149202.76867320287,False,0.0001984126984126977
2025-04-04,149232.37239714595,False,0.0001984126984126977
2025-04-07,149261.9819948438,False,0.0001984126984126977
2025-04-08,149291.59746746183,False,0.0001984126984126977
2025-04-09,149321.2188161657,False,0.0001984126984126977
2025-04-10,149350.8460421213,False,0.0001984126984126977
2025-04-11,149380.47914649473,False,0.0001984126984126977
2025-04-14,149410.11813045238,False,0.0001984126984126977
2025-04-15,149439.7629951608,False,0.0001984126984126977
2025-04-16,149469.41374178682,False,0.0001984126984126977
2025-04-17,149499.07037149748,False,0.0001984126984126977
2025-04-21,149528.73288546008,False,0.0001984126984126977
2025-04-22,149558.4012848421,False,0.0001984126984126977
2025-04-23,149588.0755708113,False,0.0001984126984126977
2025-04-24,149617.75574453568,False,0.0001984126984126977
2025-04-25,149647.4418071834,False,0.0001984126984126977
2025-04-28,149677.13375992293,False,0.0001984126984126977
2025-04-29,149706.8316039229,False,0.0001984126984126977
2025-04-30,149736.53534035225,False,0.0001984126984126977
2025-05-01,149766.2449703801,False,0.0001984126984126977
2025-05-02,149795.9604951758,False,0.0001984126984126977
2025-05-05,149825.68191590896,False,0.0001984126984126977
2025-05-06,149855.40923374944,False,0.0001984126984126977
2025-05-07,149885.14244986724,False,0.0001984126984126977
2025-05-08,149914.8815654327,False,0.0001984126984126977
2025-05-09,149944.62658161632,False,0.0001984126984126977
2025-05-12,149974.37749958885,False,0.0001984126984126977
2025-05-13,150004.13432052132,False,0.0001984126984126977
2025-05-14,150033.89704558492,False,0.0001984126984126977
2025-05-15,150063.6656759511,False,0.0001984126984126977
2025-05-16,150093.44021279158,False,0.0001984126984126977
2025-05-19,150123.22065727826,False,0.0001984126984126977
2025-05-20,150153.00701058327,False,0.0001984126984126977
2025-05-21,150182.79927387903,False,0.0001984126984126977
2025-05-22,150212.59744833814,False,0.0001984126984126977
2025-05-23,150242.40153513345,False,0.0001984126984126977
2025-05-27,150272.21153543805,False,0.0001984126984126977
2025-05-28,150302.02745042523,False,0.0001984126984126977
2025-05-29,150331.84928126857,False,0.0001984126984126977
2025-05-30,150361.67702914184,False,0.0001984126984126977
2025-06-02,150391.51069521904,False,0.0001984126984126977
2025-06-03,150421.35028067444,False,0.0001984126984126977
2025-06-04,150451.1957866825,False,0.0001984126984126977
2025-06-05,150481.04721441795,False,0.0001984126984126977
2025-06-06,150510.90456505574,False,0.0001984126984126977
2025-06-09,150540.76783977103,False,0.0001984126984126977
2025-06-10,150570.63703973923,False,0.0001984126984126977
2025-06-11,150600.512166136,False,0.0001984126984126977
2025-06-12,150630.39322013722,False,0.0001984126984126977
2025-06-13,150660.280202919,False,0.0001984126984126977
2025-06-16,150690.17311565767,False,0.0001984126984126977
2025-06-17,150720.07195952983,False,0.0001984126984126977
2025-06-18,150749.97673571226,False,0.0001984126984126977
2025-06-20,150779.88744538205,False,0.0001984126984126977
2025-06-23,150809.80408971646,False,0.0001984126984126977
2025-06-24,150839.726669893,False,0.0001984126984126977
2025-06-25,149006.87970818346,True,-0.012150956529645818
2025-06-26,149647.18413221682,True,0.004297146717569866
2025-06-27,149366.21276246104,True,-0.0018775586816757173
2025-06-30,148799.87825727084,True,-0.0037915837505423378
2025-07-01,145498.74049293663,True,-0.022185083771551484
2025-07-02,148053.83378890067,True,0.017560930680964093
2025-07-03,149199.75718709524,True,0.007739910334429112
2025-07-07,145297.76603584812,True,-0.0261527982673192
2025-07-08,145809.33034833547,True,0.0035207995721084906
2025-07-09,146480.7848658921,True,0.004605017497526065
2025-07-10,148748.38153469568,True,0.01548050599865114
2025-07-11,149386.7702317835,True,0.0042917354158835685
2025-07-14,149989.232824831,True,0.004032904601342757
2025-07-15,149115.50999416597,True,-0.005825237013415752
2025-07-16,151021.92802085844,True,0.01278484060287921
2025-07-17,151593.49300031702,True,0.003784648937733337
2025-07-18,153038.8258995232,True,0.009534267405548524
2025-07-21,152942.4565575128,True,-0.0006297051839228018
2025-07-22,153001.81442637398,True,0.00038810589418547536
2025-07-23,153524.16715595953,True,0.0034140296410465343
2025-07-24,149803.91215137648,True,-0.02423237379170262
2025-07-25,152091.30857832273,True,0.015269270302065596
2025-07-28,153512.27132453167,True,0.0093428267498743
2025-07-29,152694.74225455802,True,-0.005325496541220165
2025-07-30,152360.3782883784,True,-0.0021897542852012952
2025-07-31,152621.74822121987,True,0.001715471802956392
2025-08-01,149954.10651991027,True,-0.017478778302571496
2025-08-04,152946.14261410316,True,0.01995301204902722
2025-08-05,151807.63108878044,True,-0.00744387210990527
2025-08-06,153733.44112163706,True,0.012685857878451223
2025-08-07,153645.82898485553,True,-0.0005698964138337592
2025-08-08,155328.03196159814,True,0.010948575616123168
2025-08-11,156713.54334473165,True,0.008919905606452616
2025-08-12,158307.3657205069,True,0.010170291231749173
2025-08-13,157296.76533217996,True,-0.006383786273793324
2025-08-14,156909.46001503879,True,-0.002462258625110736
2025-08-15,155749.14406580053,True,-0.007394811945226509
2025-08-18,156143.83394655926,True,0.002534138361569349
2025-08-19,154160.95034376398,True,-0.012699083612061957
2025-08-20,152732.23284403217,True,-0.009267700390701461
2025-08-21,151870.42336717324,True,-0.005642616891085472
2025-08-22,156104.86658903546,True,0.027881947834073717
2025-08-25,156600.23844125253,True,0.0031733274115097743
2025-08-26,157324.72236584537,True,0.0046263270848379
2025-08-27,157650.0572773758,True,0.002067919819835451
2025-08-28,157586.86486212676,True,-0.0004008397861717805
2025-08-29,155098.13746909317,True,-0.01579273371045864
2025-09-02,153869.33297919057,True,-0.00792275465040626
2025-09-03,154894.71432289467,True,0.006663974710560128
2025-09-04,156271.13481586962,True,0.008886168253008586
2025-09-05,156624.65786216877,True,0.0022622414991462225
2025-09-08,156430.93215157447,True,-0.0012368787471815912
2025-09-09,156649.73477632162,True,0.0013987171318210478
2025-09-10,157133.66199230365,True,0.0030892309946966012
2025-09-11,160828.98283421807,True,0.023517054175797192
2025-09-12,165879.24888377814,True,0.031401467326109156
2025-09-15,165746.24927172667,False,-0.0008017857142857965
2025-09-16,166368.99121624208,True,0.0037572008250665867
2025-09-17,166993.95423534932,True,0.0037564873991147163
2025-09-18,165834.9846979217,True,-0.006940188599847463
2025-09-19,168450.25049080097,True,0.015770289952045546
2025-09-22,169372.00461440027,True,0.0054719664762363784
2025-09-23,167364.05721856558,True,-0.011855249634708409
2025-09-24,169584.06149331483,True,0.013264522333191753
2025-09-25,166444.54298796042,True,-0.018513051743829
2025-09-26,169533.07734836402,True,0.018555936439604404
2025-09-29,170420.56235407793,True,0.005234878170059298
2025-09-30,171211.2975655053,True,0.004639904953396723
2025-10-01,173528.57990953603,True,0.01353463455379833
2025-10-02,170088.1948111276,True,-0.01982604306565494
2025-10-03,169460.16995455587,True,-0.0036923482977118116
2025-10-06,174119.76694747974,True,0.027496709074311898
2025-10-07,170741.24626088975,True,-0.019403429867954403
2025-10-08,171898.00933503022,True,0.006774948054279584
2025-10-09,171038.68524306666,True,-0.004999034574558303
2025-10-10,170901.54886864856,False,-0.0008017857142856855
2025-10-13,170935.4579061225,False,0.0001984126984126977
2025-10-14,170969.37367158005,False,0.0001984126984126977
2025-10-15,171003.29616635616,False,0.0001984126984126977
2025-10-16,171037.225391786,False,0.0001984126984126977
2025-10-17,171071.161349205,False,0.0001984126984126977
2025-10-20,171105.1040399489,False,0.0001984126984126977
2025-10-21,171139.05346535365,False,0.0001984126984126977
2025-10-22,171173.0096267555,False,0.0001984126984126977
2025-10-23,171206.97252549097,False,0.0001984126984126977
2025-10-24,171240.94216289683,False,0.0001984126984126977
2025-10-27,171274.9185403101,False,0.0001984126984126977
2025-10-28,171308.90165906807,False,0.0001984126984126977
2025-10-29,171342.89152050836,False,0.0001984126984126977
2025-10-30,171376.88812596878,False,0.0001984126984126977
2025-10-31,171410.89147678742,False,0.0001984126984126977
2025-11-03,171444.90157430267,False,0.0001984126984126977
2025-11-04,171478.91841985311,False,0.0001984126984126977
2025-11-05,171512.94201477768,False,0.0001984126984126977
2025-11-06,171546.97236041553,False,0.0001984126984126977
2025-11-07,171581.0094581061,False,0.0001984126984126977
2025-11-10,171615.05330918907,False,0.0001984126984126977
2025-11-11,171649.10391500438,False,0.0001984126984126977
2025-11-12,171683.16127689226,False,0.0001984126984126977
2025-11-13,171717.22539619324,False,0.0001984126984126977
2025-11-14,171751.29627424804,False,0.0001984126984126977
2025-11-17,171785.37391239768,False,0.0001984126984126977
2025-11-18,171819.45831198347,False,0.0001984126984126977
2025-11-19,171853.54947434695,False,0.0001984126984126977
2025-11-20,171887.64740082994,False,0.0001984126984126977
2025-11-21,171921.75209277455,False,0.0001984126984126977
2025-11-24,171955.86355152313,False,0.0001984126984126977
2025-11-25,171989.98177841827,False,0.0001984126984126977
2025-11-26,172024.10677480287,False,0.0001984126984126977
2025-11-28,172058.2385420201,False,0.0001984126984126977
2025-12-01,172092.37708141335,False,0.0001984126984126977
2025-12-02,172126.5223943263,False,0.0001984126984126977
2025-12-03,172160.67448210297,False,0.0001984126984126977
2025-12-04,172194.83334608751,False,0.0001984126984126977
2025-12-05,172228.99898762445,False,0.0001984126984126977
2025-12-08,172263.1714080585,False,0.0001984126984126977
2025-12-09,172297.3506087347,False,0.0001984126984126977
2025-12-10,172331.53659099835,False,0.0001984126984126977
2025-12-11,172365.729356195,False,0.0001984126984126977
2025-12-12,172399.92890567041,False,0.0001984126984126977
2025-12-15,173755.95078437065,True,0.007865559384552911
2025-12-16,175638.29686821572,True,0.010833275495588879
2025-12-17,172266.50539083706,True,-0.01919735921778254
2025-12-18,172128.38456776476,False,-0.0008017857142856855
2025-12-19,172162.53702502028,False,0.0001984126984126977
2025-12-22,172196.696258557,False,0.0001984126984126977
2025-12-23,172230.86226971942,False,0.0001984126984126977
2025-12-24,172368.7646725623,True,0.0008006834607081625
2025-12-26,171088.68638068854,True,-0.007426393606205006
2025-12-29,170951.5099160726,False,-0.0008017857142856855
2025-12-30,170107.63535058952,True,-0.0049363387658720725
2025-12-31,169971.24547867448,False,-0.0008017857142857965
2026-01-02,167033.98890238,True,-0.017280902825784206
2026-01-05,169118.75743496435,True,0.012481103674071736
2026-01-06,167764.96587607564,True,-0.008004975789922764
2026-01-07,167630.45432307856,False,-0.0008017857142857965
2026-01-08,167364.46515220642,True,-0.0015867592314668943
2026-01-09,169046.12485930632,True,0.010047889828767032
2026-01-12,169367.140244097,True,0.0018989810328859935
2026-01-13,168201.94161737556,True,-0.006879720735923911
2026-01-14,165467.4302947117,True,-0.01625731127934482
2026-01-15,165164.51549412083,True,-0.0018306611763496683
2026-01-16,165406.29434085323,True,0.0014638667755544343
2026-01-20,161360.644696798,True,-0.024458861497243523
2026-01-21,162169.53382637998,True,0.005012926981680765
2026-01-22,165646.99857105716,True,0.021443391139054357
2026-01-23,165514.18517398858,False,-0.0008017857142857965
2026-01-26,165547.02529009452,False,0.0001984126984126977
2026-01-27,165579.87192209653,False,0.0001984126984126977
2026-01-28,165612.72507128742,False,0.0001984126984126977
2026-01-29,157402.48507084252,True,-0.04957493451611783
2026-01-30,158623.1936361482,True,0.007755332228435163
2026-02-02,156851.25576110138,True,-0.011170736349637056
2026-02-03,154842.05831253008,True,-0.012809571965630262
2026-02-04,153033.0891557394,True,-0.011682673147753508
2026-02-05,148584.87107636756,True,-0.029067034481967235
2026-02-06,148465.73784937954,False,-0.0008017857142857965
2026-02-09,148495.19533704806,False,0.0001984126984126977
2026-02-10,148524.6586694562,False,0.0001984126984126977
2026-02-11,148554.12784776362,False,0.0001984126984126977
2026-02-12,148583.60287313024,False,0.0001984126984126977
2026-02-13,148613.08374671618,False,0.0001984126984126977
2026-02-17,148642.57046968178,False,0.0001984126984126977
2026-02-18,148672.06304318766,False,0.0001984126984126977
2026-02-19,148701.56146839465,False,0.0001984126984126977
2026-02-20,148731.06574646378,False,0.0001984126984126977
2026-02-23,148760.57587855632,False,0.0001984126984126977
2026-02-24,148790.09186583382,False,0.0001984126984126977
2026-02-25,148819.613709458,False,0.0001984126984126977
2026-02-26,148849.14141059082,False,0.0001984126984126977
2026-02-27,148878.6749703945,False,0.0001984126984126977
2026-03-02,148908.21439003147,False,0.0001984126984126977
2026-03-03,148937.7596706644,False,0.0001984126984126977
2026-03-04,148967.31081345622,False,0.0001984126984126977
2026-03-05,148996.86781957,False,0.0001984126984126977
2026-03-06,149026.43069016913,False,0.0001984126984126977
2026-03-09,149055.99942641717,False,0.0001984126984126977
2026-03-10,149085.57402947795,False,0.0001984126984126977
2026-03-11,149115.15450051555,False,0.0001984126984126977
2026-03-12,149144.74084069423,False,0.0001984126984126977
2026-03-13,149174.3330511785,False,0.0001984126984126977
2026-03-16,149203.9311331331,False,0.0001984126984126977
2026-03-17,149233.535087723,False,0.0001984126984126977
2026-03-18,149263.1449161134,False,0.0001984126984126977
2026-03-19,149292.76061946977,False,0.0001984126984126977
2026-03-20,149322.38219895776,False,0.0001984126984126977
2026-03-23,149352.00965574326,False,0.0001984126984126977
2026-03-24,149381.6429909924,False,0.0001984126984126977
2026-03-25,149411.28220587157,False,0.0001984126984126977
2026-03-26,149440.92730154734,False,0.0001984126984126977
2026-03-27,149470.57827918653,False,0.0001984126984126977
2026-03-30,149500.2351399562,False,0.0001984126984126977
2026-03-31,149529.89788502365,False,0.0001984126984126977
2026-04-01,149559.5665155564,False,0.0001984126984126977
2026-04-02,149589.24103272217,False,0.0001984126984126977
2026-04-06,149618.921437689,False,0.0001984126984126977
2026-04-07,149648.60773162503,False,0.0001984126984126977
2026-04-08,149678.29991569876,False,0.0001984126984126977
2026-04-09,149707.99799107885,False,0.0001984126984126977
2026-04-10,149737.70195893422,False,0.0001984126984126977
